Hours,Sleep,Score,Efficiency,Sleep_Impact,Study_Intensity
1,8,50,50.0,6.25,0.125
2,7,55,27.5,7.857142857142857,0.2857142857142857
3,6,60,20.0,10.0,0.5
4,6,65,16.25,10.833333333333334,0.6666666666666666
5,5,70,14.0,14.0,1.0
6,5,75,12.5,15.0,1.2
7,4,80,11.428571428571429,20.0,1.75
8,4,85,10.625,21.25,2.0
2,7,58,29.0,8.285714285714286,0.2857142857142857
6,5,78,13.0,15.6,1.2
